Semester,Course Number,Course Information
2013-2014,01005,No course information found
2014-2015,01005,No course information found
2015-2016,01005,No course information found
2016-2017,01005,No course information found
2017-2018,01005,No course information found
2018-2019,01005,No course information found
2019-2020,01005,No course information found
2020-2021,01005,No course information found
2021-2022,01005,No course information found
2022-2023,01005,No course information found
2023-2024,01005,No course information found
